file,source,size,had_alpha,bytes
04da9db-collage-texture-font-green.png,04da9db_COLLAGE-TEXTURE-FONT-GREEN.png,640,no,546158
04dbc96-jesus-superstar.png,04dbc96_JESUS-SUPERSTAR.png,640,no,184129
08c78a5-union.png,08c78a5_UNION.png,336,no,122929
22d935a-people-naked-olympian.png,22d935a_PEOPLE-NAKED-OLYMPIAN.png,640,no,521352
2365509-lady-water.png,2365509_LADY-WATER-.png,584,no,384694
2778e4f-untitled-2.png,2778e4f_Untitled-2.jpeg,640,no,197269
299837a-old-advertising-billboard.png,299837a_OLD-ADVERTISING-BILLBOARD.png,640,no,484795
6113d2c-korean-missile.png,6113d2c_KOREAN-MISSILE-.png,640,no,451359
6113fd3-plane.png,6113fd3_PLANE.png,640,no,347410
6790e15-old-advertising-design-2.png,6790e15_OLD-ADVERTISING-DESIGN-2.png,640,yes,584823
9c97446-smiley-face.png,9c97446_SMILEY-FACE.png,476,no,73853
a37d450-collage-texture-green.png,a37d450_COLLAGE-TEXTURE-GREEN.png,640,no,752151
b765f18-nature-vintage-flower.png,b765f18_NATURE-VINTAGE-FLOWER.png,618,no,467438
b7a990a-ohm-symbol.png,b7a990a_OHM-SYMBOL.png,369,no,39450
bc5923e-symbol-car.png,bc5923e_SYMBOL-CAR.png,640,no,267351
c0e7b5b-font-smile-please.png,c0e7b5b_FONT-SMILE-PLEASE.png,426,no,94837
c33a90d-comic-2.png,c33a90d_COMIC-2.png,640,no,618964
c6156b1-comic-textures.png,c6156b1_COMIC-TEXTURES.png,640,no,473031
cbaf12d-yin-yang.png,cbaf12d_YIN-YANG-.png,342,no,157260
d2406df-sun-newspaper.png,d2406df_SUN-NEWSPAPER.png,640,no,628462
dafca5a-flower.png,dafca5a_FLOWER.png,258,no,31833
e2916fb-full-metal-jacket.png,e2916fb_FULL-METAL-JACKET.png,238,no,43621
e698b5d-remove-background-project.png,e698b5d_Remove-background-project.png,276,yes,14513
fc94691-old-advert-boeing.png,fc94691_OLD-ADVERT-BOEING.png,640,no,606731
ff68f4b-group-1.png,ff68f4b_Group-1.png,640,yes,124766
ff68f4c-group-2.png,ff68f4c_Group-2.png,640,yes,53644
ff68f4d-group-4.png,ff68f4d_Group-4.png,640,yes,26155
ff68f4e-group-5.png,ff68f4e_Group-5.png,640,yes,175358
ff68f4f-group-6.png,ff68f4f_Group-6.png,640,yes,180371
ff68f54-group-10.png,ff68f54_Group-10.png,640,yes,162344
ff68f55-group-11.png,ff68f55_Group-11.png,640,yes,283503
ff68f56-group-9.png,ff68f56_Group-9.png,640,yes,167301
ff68f59-group-12-2.png,ff68f59_Group-12-2.png,640,yes,74609
ff68f6c-group-16.png,ff68f6c_Group-16.png,41,yes,832
ff68f6e-group-17.png,ff68f6e_Group-17.png,156,yes,3999
ff68f6f-group-21.png,ff68f6f_Group-21.png,640,yes,64586
ff68f70-group-22.png,ff68f70_Group-22.png,640,yes,97004
ff69086-pool-triangle-min.png,ff69086_Pool-Triangle-min.png,640,yes,265528
ff69088-coool-smoking-1.png,ff69088_COOOL-SMOKING-1.jpeg,640,no,129171
