filename,category,resolution,status,bytes,source_url
ff68f76_Finn-Astle-Bright-Idea.png,personal-collage-artworks,full,ok,250252,https://cdn.prod.website-files.com/65fb97bf71a790050ff68f22/65fb97bf71a790050ff68f76_Finn%20Astle%20Bright%20Idea.png
ff68f75_Astle-Supperannuation.png,personal-collage-artworks,full,ok,654674,https://cdn.prod.website-files.com/65fb97bf71a790050ff68f22/65fb97bf71a790050ff68f75_Astle%20Supperannuation.png
ff68f74_Astle-Sex.png,personal-collage-artworks,full,ok,236919,https://cdn.prod.website-files.com/65fb97bf71a790050ff68f22/65fb97bf71a790050ff68f74_Astle%20Sex.png
ff68f6d_Ast.-3.png,personal-collage-artworks,full,ok,1410,https://cdn.prod.website-files.com/65fb97bf71a790050ff68f22/65fb97bf71a790050ff68f6d_Ast.%20(3).png
ff68f6b_Ast..png,personal-collage-artworks,full,ok,2458,https://cdn.prod.website-files.com/65fb97bf71a790050ff68f22/65fb97bf71a790050ff68f6b_Ast..png
ff68f6a_AST.-1.png,personal-collage-artworks,full,ok,712,https://cdn.prod.website-files.com/65fb97bf71a790050ff68f22/65fb97bf71a790050ff68f6a_AST.%20(1).png
ff68f73_ezgif.com-gif-maker-21.gif,ezgif-animations,full,ok,1578782,https://cdn.prod.website-files.com/65fb97bf71a790050ff68f22/65fb97bf71a790050ff68f73_ezgif.com-gif-maker%20(21).gif
ff68f72_ezgif.com-gif-maker-20.gif,ezgif-animations,full,ok,862771,https://cdn.prod.website-files.com/65fb97bf71a790050ff68f22/65fb97bf71a790050ff68f72_ezgif.com-gif-maker%20(20).gif
ff68f71_ezgif.com-gif-maker-19.gif,ezgif-animations,full,ok,673144,https://cdn.prod.website-files.com/65fb97bf71a790050ff68f22/65fb97bf71a790050ff68f71_ezgif.com-gif-maker%20(19).gif
ff68f52_ezgif.com-gif-maker-18.gif,ezgif-animations,full,ok,2295336,https://cdn.prod.website-files.com/65fb97bf71a790050ff68f22/65fb97bf71a790050ff68f52_ezgif.com-gif-maker%20(18).gif
ff68f70_Group-22.png,group-graphics,full,ok,1686931,https://cdn.prod.website-files.com/65fb97bf71a790050ff68f22/65fb97bf71a790050ff68f70_Group%2022.png
ff68f6f_Group-21.png,group-graphics,full,ok,571768,https://cdn.prod.website-files.com/65fb97bf71a790050ff68f22/65fb97bf71a790050ff68f6f_Group%2021.png
ff68f6e_Group-17.png,group-graphics,full,ok,2930,https://cdn.prod.website-files.com/65fb97bf71a790050ff68f22/65fb97bf71a790050ff68f6e_Group%2017.png
ff68f6c_Group-16.png,group-graphics,full,ok,779,https://cdn.prod.website-files.com/65fb97bf71a790050ff68f22/65fb97bf71a790050ff68f6c_Group%2016.png
ff68f59_Group-12-2.png,group-graphics,full,ok,1107279,https://cdn.prod.website-files.com/65fb97bf71a790050ff68f22/65fb97bf71a790050ff68f59_Group%2012%20(2).png
ff68f56_Group-9.png,group-graphics,full,ok,172680,https://cdn.prod.website-files.com/65fb97bf71a790050ff68f22/65fb97bf71a790050ff68f56_Group%209.png
ff68f55_Group-11.png,group-graphics,full,ok,365901,https://cdn.prod.website-files.com/65fb97bf71a790050ff68f22/65fb97bf71a790050ff68f55_Group%2011.png
ff68f54_Group-10.png,group-graphics,full,ok,194703,https://cdn.prod.website-files.com/65fb97bf71a790050ff68f22/65fb97bf71a790050ff68f54_Group%2010.png
ff68f4f_Group-6.png,group-graphics,full,ok,527602,https://cdn.prod.website-files.com/65fb97bf71a790050ff68f22/65fb97bf71a790050ff68f4f_Group%206.png
ff68f4e_Group-5.png,group-graphics,full,ok,1244094,https://cdn.prod.website-files.com/65fb97bf71a790050ff68f22/65fb97bf71a790050ff68f4e_Group%205.png
ff68f4d_Group-4.png,group-graphics,full,ok,54878,https://cdn.prod.website-files.com/65fb97bf71a790050ff68f22/65fb97bf71a790050ff68f4d_Group%204.png
ff68f4c_Group-2.png,group-graphics,full,ok,170442,https://cdn.prod.website-files.com/65fb97bf71a790050ff68f22/65fb97bf71a790050ff68f4c_Group%202.png
ff68f4b_Group-1.png,group-graphics,full,ok,136909,https://cdn.prod.website-files.com/65fb97bf71a790050ff68f22/65fb97bf71a790050ff68f4b_Group%201.png
ff68f58_noun_point_659681-2.png,noun-icons,full,ok,51929,https://cdn.prod.website-files.com/65fb97bf71a790050ff68f22/65fb97bf71a790050ff68f58_noun_point_659681%20(2).png
ff68f57_noun_point_659681-3.png,noun-icons,full,ok,52016,https://cdn.prod.website-files.com/65fb97bf71a790050ff68f22/65fb97bf71a790050ff68f57_noun_point_659681%20(3).png
ff68f50_Frame-1.png,frames,full,ok,3398,https://cdn.prod.website-files.com/65fb97bf71a790050ff68f22/65fb97bf71a790050ff68f50_Frame%201.png
ff68f47_Frame-1-1.png,frames,full,ok,1386,https://cdn.prod.website-files.com/65fb97bf71a790050ff68f22/65fb97bf71a790050ff68f47_Frame%201%20(1).png
ff68f4a_cloud_2601-1-2.png,weather-cloud,full,ok,32086,https://cdn.prod.website-files.com/65fb97bf71a790050ff68f22/65fb97bf71a790050ff68f4a_cloud_2601%20(1)%202.png
ff68f44_cloud_2601.png,weather-cloud,full,ok,14646,https://cdn.prod.website-files.com/65fb97bf71a790050ff68f22/65fb97bf71a790050ff68f44_cloud_2601.png
ff68f45_water-wave_1f30a.png,weather-cloud,full,ok,33014,https://cdn.prod.website-files.com/65fb97bf71a790050ff68f22/65fb97bf71a790050ff68f45_water-wave_1f30a.png
ff68f53_1_8Co7gaBPmBfjQml_hvgTeA.gif,misc-animations,THUMB-130px,ok,2782,https://cdn.prod.website-files.com/65fb97bf71a790050ff68f22/65fb97bf71a790050ff68f53_1_8Co7gaBPmBfjQml_hvgTeA.gif
ff68f51_Thinking-1.gif,misc-animations,full,ok,259666,https://cdn.prod.website-files.com/65fb97bf71a790050ff68f22/65fb97bf71a790050ff68f51_Thinking%20(1).gif
ff68f46_giphy.gif,misc-animations,full,ok,438492,https://cdn.prod.website-files.com/65fb97bf71a790050ff68f22/65fb97bf71a790050ff68f46_giphy.gif
ff68f43_Screen-Shot-2020-06-14-at-10.23.45.jpeg,screenshots-misc,THUMB-130px,ok,2095,https://cdn.prod.website-files.com/65fb97bf71a790050ff68f22/65fb97bf71a790050ff68f43_Screen%20Shot%202020-06-14%20at%2010.23.45.jpeg
ff68f42_download.png,screenshots-misc,full,ok,8912,https://cdn.prod.website-files.com/65fb97bf71a790050ff68f22/65fb97bf71a790050ff68f42_download.png
