filename,category,status,bytes,source_url
ff69008_Finn-Astle-Paper-Universe.JPG,key-motifs,ok,1421112,https://cdn.prod.website-files.com/65fb97bf71a790050ff68f22/65fb97bf71a790050ff69008_Finn%20Astle%20Paper%20Universe.JPG
7b38b77_FONT-F-MAIN.png,key-motifs,ok,28379,https://cdn.prod.website-files.com/65fb97bf71a790050ff68f22/65fb9e36bc1d9dd0f7b38b77_FONT%20F%20MAIN.png
ff69012_Finn-Astle-Logo.svg,key-motifs,ok,822408,https://cdn.prod.website-files.com/65fb97bf71a790050ff68f22/65fb97bf71a790050ff69012_Finn%20Astle%20Logo.svg
ff69011_Finn-Astle-logo.png,key-motifs,ok,340295,https://cdn.prod.website-files.com/65fb97bf71a790050ff68f22/65fb97bf71a790050ff69011_Finn%20Astle%20logo.png
2778e4f_Untitled-2.jpeg,textures,ok,483469,https://cdn.prod.website-files.com/65fb97bf71a790050ff68f22/66513a8993c5e0f382778e4f_Untitled%20(2).jpeg
a37d450_COLLAGE-TEXTURE-GREEN.png,graphic-art,ok,448731,https://cdn.prod.website-files.com/65fb97bf71a790050ff68f22/65fb9e39a8394bc6fa37d450_COLLAGE%20TEXTURE%20GREEN.png
d0e5cb7_FINN-ASTLE-ARTWORK-UZI.png,graphic-art,ok,1639163,https://cdn.prod.website-files.com/65fb97bf71a790050ff68f22/65fb9e3f1095824bcd0e5cb7_FINN%20ASTLE%20ARTWORK%20UZI.png
52e190c_FINN-ASTLE-ARTWORK-2023.jpg,graphic-art,ok,1254260,https://cdn.prod.website-files.com/65fb97bf71a790050ff68f22/65fb9e3fe4fc5d23a52e190c_FINN%20ASTLE%20ARTWORK%202023.jpg
04da9db_COLLAGE-TEXTURE-FONT-GREEN.png,graphic-art,ok,918388,https://cdn.prod.website-files.com/65fb97bf71a790050ff68f22/65fb9e3f3c871871704da9db_COLLAGE%20TEXTURE%20FONT%20GREEN.png
7dbaa59_PAINTING-FINN-ASTLE-A-SUNNY-DAY.jpg,graphic-art,ok,590347,https://cdn.prod.website-files.com/65fb97bf71a790050ff68f22/65fb9e3ce782354ad7dbaa59_PAINTING%20FINN%20ASTLE%20A%20SUNNY%20DAY.jpg
ff69089_Screen-Shot-2024-03-20-at-11.48.26-am.png,graphic-art,ok,1769563,https://cdn.prod.website-files.com/65fb97bf71a790050ff68f22/65fb97bf71a790050ff69089_Screen%20Shot%202024-03-20%20at%2011.48.26%20am.png
ff69087_PULPED-UP.jpeg,graphic-art,ok,761737,https://cdn.prod.website-files.com/65fb97bf71a790050ff68f22/65fb97bf71a790050ff69087_PULPED%20UP.jpeg
ff6906f_Finn-all-terrain-vehicle.png,graphic-art,ok,3217000,https://cdn.prod.website-files.com/65fb97bf71a790050ff68f22/65fb97bf71a790050ff6906f_Finn%20all%20terrain%20vehicle.png
ff69088_COOOL-SMOKING-1.jpeg,art-elements-cutouts,ok,336072,https://cdn.prod.website-files.com/65fb97bf71a790050ff68f22/65fb97bf71a790050ff69088_COOOL%20SMOKING%201.jpeg
ff69086_Pool-Triangle-min.png,art-elements-cutouts,ok,373494,https://cdn.prod.website-files.com/65fb97bf71a790050ff68f22/65fb97bf71a790050ff69086_Pool%20Triangle-min.png
e2909f4_SYMBOL-DOG.png,art-elements-cutouts,ok,93730,https://cdn.prod.website-files.com/65fb97bf71a790050ff68f22/65fb9e3509e116230e2909f4_SYMBOL%20DOG.png
b765f18_NATURE-VINTAGE-FLOWER.png,art-elements-cutouts,ok,173225,https://cdn.prod.website-files.com/65fb97bf71a790050ff68f22/65fb9e361ebc99661b765f18_NATURE%20VINTAGE%20FLOWER.png
dafc381_OLD-ADVERT-RUG-TEXTURES.png,art-elements-cutouts,ok,678673,https://cdn.prod.website-files.com/65fb97bf71a790050ff68f22/65fb9e3d6b1a31822dafc381_OLD%20ADVERT%20RUG%20TEXTURES.png
d23ffa3_SYMBOL-SNOOPY.png,art-elements-cutouts,ok,677456,https://cdn.prod.website-files.com/65fb97bf71a790050ff68f22/65fb9e3d52fd7a3bbd23ffa3_SYMBOL%20SNOOPY.png
ca27dde_SYMBOL-PARKING-TICKET.png,art-elements-cutouts,ok,566869,https://cdn.prod.website-files.com/65fb97bf71a790050ff68f22/65fb9e3ce78abbee7ca27dde_SYMBOL%20PARKING%20TICKET.png
22d935a_PEOPLE-NAKED-OLYMPIAN.png,art-elements-cutouts,ok,511560,https://cdn.prod.website-files.com/65fb97bf71a790050ff68f22/65fb9e3b37b98bdbb22d935a_PEOPLE%20NAKED%20OLYMPIAN.png
1e9c03f_SYMBOL-MONEY.png,art-elements-cutouts,ok,359860,https://cdn.prod.website-files.com/65fb97bf71a790050ff68f22/65fb9e387e4ee1d7a1e9c03f_SYMBOL%20MONEY.png
bc5923e_SYMBOL-CAR.png,art-elements-cutouts,ok,161662,https://cdn.prod.website-files.com/65fb97bf71a790050ff68f22/65fb9e370a0906bf3bc5923e_SYMBOL%20CAR.png
c615721_ADVERTISING-TABASCO.png,art-elements-cutouts,ok,282396,https://cdn.prod.website-files.com/65fb97bf71a790050ff68f22/65fb9e38eb03698abc615721_ADVERTISING%20TABASCO.png
c6156b1_COMIC-TEXTURES.png,art-elements-cutouts,ok,240465,https://cdn.prod.website-files.com/65fb97bf71a790050ff68f22/65fb9e38eb03698abc6156b1_COMIC%20TEXTURES.png
ff68fda_ezgif.com-gif-maker.gif,art-elements-cutouts,ok,1423253,https://cdn.prod.website-files.com/65fb97bf71a790050ff68f22/65fb97bf71a790050ff68fda_ezgif.com-gif-maker.gif
c0e70f3_SYMBOL-SUNSET.png,art-elements-cutouts,ok,881446,https://cdn.prod.website-files.com/65fb97bf71a790050ff68f22/65fb9e3f612a6f271c0e70f3_SYMBOL%20SUNSET.png
fc94691_OLD-ADVERT-BOEING.png,art-elements-cutouts,ok,1605505,https://cdn.prod.website-files.com/65fb97bf71a790050ff68f22/65fb9e40fd3ca0bccfc94691_OLD%20ADVERT%20BOEING.png
22d9936_COLOUR-PALETTE.png,art-elements-cutouts,ok,82986,https://cdn.prod.website-files.com/65fb97bf71a790050ff68f22/65fb9e4437b98bdbb22d9936_COLOUR%20PALETTE.png
d2406df_SUN-NEWSPAPER.png,art-elements-cutouts,ok,1540490,https://cdn.prod.website-files.com/65fb97bf71a790050ff68f22/65fb9e4452fd7a3bbd2406df_SUN%20NEWSPAPER.png
dafca5a_FLOWER.png,art-elements-cutouts,ok,16029,https://cdn.prod.website-files.com/65fb97bf71a790050ff68f22/65fb9e466b1a31822dafca5a_FLOWER.png
04dbc96_JESUS-SUPERSTAR.png,art-elements-cutouts,ok,387238,https://cdn.prod.website-files.com/65fb97bf71a790050ff68f22/65fb9e463c871871704dbc96_JESUS%20SUPERSTAR.png
b7a990a_OHM-SYMBOL.png,art-elements-cutouts,ok,22654,https://cdn.prod.website-files.com/65fb97bf71a790050ff68f22/65fb9e4795cfb7f51b7a990a_OHM%20SYMBOL.png
c0e7b5b_FONT-SMILE-PLEASE.png,art-elements-cutouts,ok,36767,https://cdn.prod.website-files.com/65fb97bf71a790050ff68f22/65fb9e46612a6f271c0e7b5b_FONT%20SMILE%20PLEASE.png
9c97446_SMILEY-FACE.png,art-elements-cutouts,ok,47462,https://cdn.prod.website-files.com/65fb97bf71a790050ff68f22/65fb9e47182a9dfde9c97446_SMILEY%20FACE.png
c33a90d_COMIC-2.png,art-elements-cutouts,ok,254223,https://cdn.prod.website-files.com/65fb97bf71a790050ff68f22/65fb9e47b9384cf3cc33a90d_COMIC%202.png
f82c3cc_NATURE-MEERKATS.png,art-elements-cutouts,ok,293716,https://cdn.prod.website-files.com/65fb97bf71a790050ff68f22/65fb9e4b02cfa8663f82c3cc_NATURE%20MEERKATS.png
08c78a5_UNION.png,art-elements-cutouts,ok,56368,https://cdn.prod.website-files.com/65fb97bf71a790050ff68f22/65fb9e4b8145ad1d908c78a5_UNION.png
299837a_OLD-ADVERTISING-BILLBOARD.png,art-elements-cutouts,ok,195229,https://cdn.prod.website-files.com/65fb97bf71a790050ff68f22/65fb9e4be89a18340299837a_OLD%20ADVERTISING%20BILLBOARD.png
2365509_LADY-WATER-.png,art-elements-cutouts,ok,124406,https://cdn.prod.website-files.com/65fb97bf71a790050ff68f22/65fb9e4b536ff7cb22365509_LADY%20WATER%20.png
6113d2c_KOREAN-MISSILE-.png,art-elements-cutouts,ok,316116,https://cdn.prod.website-files.com/65fb97bf71a790050ff68f22/65fb9e47777e6eaf16113d2c_KOREAN%20MISSILE%20.png
e698b5d_Remove-background-project.png,art-elements-cutouts,ok,16014,https://cdn.prod.website-files.com/65fb97bf71a790050ff68f22/65fb9ee81db038383e698b5d_Remove%20background%20project.png
4eebb1e_Target-Remove-BG.png,art-elements-cutouts,ok,53125,https://cdn.prod.website-files.com/65fb97bf71a790050ff68f22/65fc0deb64c7b99ec4eebb1e_Target%20Remove%20BG.png
6790e15_OLD-ADVERTISING-DESIGN-2.png,art-elements-cutouts,ok,864573,https://cdn.prod.website-files.com/65fb97bf71a790050ff68f22/65fc0badefa372af66790e15_OLD%20ADVERTISING%20DESIGN%20(2).png
6113fd3_PLANE.png,art-elements-cutouts,ok,181981,https://cdn.prod.website-files.com/65fb97bf71a790050ff68f22/65fb9e4b777e6eaf16113fd3_PLANE.png
cbaf12d_YIN-YANG-.png,art-elements-cutouts,ok,79886,https://cdn.prod.website-files.com/65fb97bf71a790050ff68f22/65fb9e4b260243154cbaf12d_YIN%20YANG%20.png
e2916fb_FULL-METAL-JACKET.png,art-elements-cutouts,ok,17864,https://cdn.prod.website-files.com/65fb97bf71a790050ff68f22/65fb9e4809e116230e2916fb_FULL%20METAL%20JACKET.png
04da9db_COLLAGE-TEXTURE-FONT-GREEN.png,art-elements-cutouts,ok,918388,https://cdn.prod.website-files.com/65fb97bf71a790050ff68f22/65fb9e3f3c871871704da9db_COLLAGE%20TEXTURE%20FONT%20GREEN.png
ff69036_Finn-Astle-Logo-Qwbaite-mdouke.png,logos-branding,ok,332796,https://cdn.prod.website-files.com/65fb97bf71a790050ff68f22/65fb97bf71a790050ff69036_Finn%20Astle%20Logo%20Qwbaite%20mdouke.png
6e07a5b_Sun-Logo.png,logos-branding,ok,42299,https://cdn.prod.website-files.com/65fb97bf71a790050ff68f22/68520b533e27e77dc6e07a5b_Sun%20Logo.png
c8e6711_Logo-1_0000_Layer-4.png,logos-branding,ok,10929,https://cdn.prod.website-files.com/65fb97bf71a790050ff68f22/68520ccdc14210f29c8e6711_Logo-1_0000_Layer-4.png
69091d7_Cloud.png,logos-branding,ok,12760,https://cdn.prod.website-files.com/65fb97bf71a790050ff68f22/685204234552ae89e69091d7_Cloud.png
515f9eb_frame-rec.png,logos-branding,ok,180383,https://cdn.prod.website-files.com/65fb97bf71a790050ff68f22/6852073e7bfdfb6b0515f9eb_frame%20rec.png
a549c75_Frame-Web.png,logos-branding,ok,238848,https://cdn.prod.website-files.com/65fb97bf71a790050ff68f22/6852055bd99975874a549c75_Frame%20Web.png
d0c16ca_Frame-Invert.png,logos-branding,ok,138354,https://cdn.prod.website-files.com/65fb97bf71a790050ff68f22/685205f250911bc53d0c16ca_Frame%20Invert.png
c4c83b3_Finn-Astle-Portait-min.png,logos-branding,ok,544762,https://cdn.prod.website-files.com/65fb97bf71a790050ff68f22/6847d59544955a4f9c4c83b3_Finn%20Astle%20Portait-min.png
ac9666b_Finn-Astle-Secondary-Logo.png,logos-branding,ok,6263,https://cdn.prod.website-files.com/65fb97bf71a790050ff68f22/68132f221843d5c9eac9666b_Finn%20Astle%20Secondary%20Logo.png
ff69000_Finn-Astle-Art-Flying-There-is-no-Ground.png,art-flying-boxers-process,ok,1378777,https://cdn.prod.website-files.com/65fb97bf71a790050ff68f22/65fb97bf71a790050ff69000_Finn%20Astle%20Art%20Flying%20There%20is%20no%20Ground.png
ff69001_Finn-Astle-Art-Boxers.png,art-flying-boxers-process,ok,3515316,https://cdn.prod.website-files.com/65fb97bf71a790050ff68f22/65fb97bf71a790050ff69001_Finn%20Astle%20Art%20Boxers.png
ff69009_Finn-Astle-Art-Creative-Process.gif,art-flying-boxers-process,ok,3891838,https://cdn.prod.website-files.com/65fb97bf71a790050ff68f22/65fb97bf71a790050ff69009_Finn%20Astle%20Art%20Creative%20Process.gif
ff69076_Screen-Shot-2024-03-20-at-4.31.38-am.png,art-flying-boxers-process,ok,2397964,https://cdn.prod.website-files.com/65fb97bf71a790050ff68f22/65fb97bf71a790050ff69076_Screen%20Shot%202024-03-20%20at%204.31.38%20am.png
ff6907a_Layer-1.png,art-flying-boxers-process,ok,272160,https://cdn.prod.website-files.com/65fb97bf71a790050ff68f22/65fb97bf71a790050ff6907a_Layer%201.png
ff6907c_Layer-1.png,art-flying-boxers-process,ok,2193449,https://cdn.prod.website-files.com/65fb97bf71a790050ff68f22/65fb97bf71a790050ff6907c_Layer%201.png
ff6907f_Screen-Shot-2024-03-20-at-10.38.23-am.png,art-flying-boxers-process,ok,67024,https://cdn.prod.website-files.com/65fb97bf71a790050ff68f22/65fb97bf71a790050ff6907f_Screen%20Shot%202024-03-20%20at%2010.38.23%20am.png
ff69051_After-the-Tone-Finn-Astle-Art-00-1-1.png,art-films-exhibited,ok,133019,https://cdn.prod.website-files.com/65fb97bf71a790050ff68f22/65fb97bf71a790050ff69051_After%20the%20Tone%20Finn%20Astle%20Art%20(00)%201%20(1).png
ff69047_After-the-Tone-Finn-Astle-Film.jpeg,art-films-exhibited,ok,315781,https://cdn.prod.website-files.com/65fb97bf71a790050ff68f22/65fb97bf71a790050ff69047_After%20the%20Tone%20Finn%20Astle%20Film.jpeg
97de5a0_Screen-Shot-2024-05-25-at-9.55.06-am.png,art-films-exhibited,ok,3420684,https://cdn.prod.website-files.com/65fb97bf71a790050ff68f22/665128f64774c5a3197de5a0_Screen%20Shot%202024-05-25%20at%209.55.06%20am.png
ee4e24d_screenshot-4.png,art-films-exhibited,ok,1969523,https://cdn.prod.website-files.com/65fb97bf71a790050ff68f22/6691d226f9d10ca19ee4e24d_screenshot%20(4).png
f28f992_screenshot-3.png,art-films-exhibited,ok,1355573,https://cdn.prod.website-files.com/65fb97bf71a790050ff68f22/6691d23c7b542a599f28f992_screenshot%20(3).png
c02be75_screenshot-5.png,art-films-exhibited,ok,1124755,https://cdn.prod.website-files.com/65fb97bf71a790050ff68f22/6691d27fd5130913fc02be75_screenshot%20(5).png
ff69049_After-the-Tone-Finn-Astle-Film-Exit.jpeg,art-films-exhibited,ok,350637,https://cdn.prod.website-files.com/65fb97bf71a790050ff68f22/65fb97bf71a790050ff69049_After%20the%20Tone%20Finn%20Astle%20Film%20Exit.jpeg
d22031e_screenshot-6.png,art-films-exhibited,ok,1825233,https://cdn.prod.website-files.com/65fb97bf71a790050ff68f22/6691d367fa155d2c9d22031e_screenshot%20(6).png
e9d85c9_Phosphene_TG_5.jpg,art-films-exhibited,ok,130063,https://cdn.prod.website-files.com/65fb97bf71a790050ff68f22/6691d60e0b795b543e9d85c9_Phosphene_TG_5.jpg
9204cb7_download-1-2.gif,art-films-exhibited,ok,4016356,https://cdn.prod.website-files.com/65fb97bf71a790050ff68f22/684b73ecd0da7f77c9204cb7_download%20(1)%20(2).gif
01860ba_Untitled-21.png,art-films-exhibited,ok,273626,https://cdn.prod.website-files.com/65fb97bf71a790050ff68f22/67e5e981cadfd08bb01860ba_Untitled-21.png
d3c8c3c_Untitled-20.png,art-films-exhibited,ok,315055,https://cdn.prod.website-files.com/65fb97bf71a790050ff68f22/67e5e9818f3d0ea67d3c8c3c_Untitled-20.png
ff69037_Finn-Astle-Phosphene-Artist.png,art-films-exhibited,ok,1959588,https://cdn.prod.website-files.com/65fb97bf71a790050ff68f22/65fb97bf71a790050ff69037_Finn%20Astle%20Phosphene%20Artist.png
4a1c8d3_Untitled-22.png,published-writing,ok,309296,https://cdn.prod.website-files.com/65fb97bf71a790050ff68f22/67e5e981ff6b5a7cf4a1c8d3_Untitled-22.png
ff6906e_Brand_Reset_OOH_Site_1_Ettalong_Rd_Edit-scaled.webp,youi-headline,ok,164180,https://cdn.prod.website-files.com/65fb97bf71a790050ff68f22/65fb97bf71a790050ff6906e_Brand_Reset_OOH_Site_1_Ettalong_Rd_Edit-scaled.webp
ff69020_Summer-24_7-with-7-Eleven.-1.jpeg,seven-eleven,ok,381325,https://cdn.prod.website-files.com/65fb97bf71a790050ff68f22/65fb97bf71a790050ff69020_Summer%2024_7%20with%207-Eleven.%20(1).jpeg
ff69006_ezgif.com-gif-maker-3.gif,seven-eleven,ok,3770337,https://cdn.prod.website-files.com/65fb97bf71a790050ff68f22/65fb97bf71a790050ff69006_ezgif.com-gif-maker%20(3).gif
ff69007_ezgif.com-gif-maker-4.gif,seven-eleven,ok,2186239,https://cdn.prod.website-files.com/65fb97bf71a790050ff68f22/65fb97bf71a790050ff69007_ezgif.com-gif-maker%20(4).gif
ff69043_ezgif.com-video-to-gif.gif,seven-eleven,ok,1382142,https://cdn.prod.website-files.com/65fb97bf71a790050ff68f22/65fb97bf71a790050ff69043_ezgif.com-video-to-gif.gif
649dcf1_Finn-Astle-Creative-SevenEleven5.png,seven-eleven,ok,319435,https://cdn.prod.website-files.com/65fb97bf71a790050ff68f22/67e3b8ae4f59b08f1649dcf1_Finn%20Astle%20Creative%20SevenEleven5.png
ff69040_Welly-Adults-Finn-Astle.png,freelance-writing,ok,65630,https://cdn.prod.website-files.com/65fb97bf71a790050ff68f22/65fb97bf71a790050ff69040_Welly%20Adults%20Finn%20Astle.png
ff6904d_Finn-Astle-Content-and-brand-strategy.png,freelance-writing,ok,55724,https://cdn.prod.website-files.com/65fb97bf71a790050ff68f22/65fb97bf71a790050ff6904d_Finn%20Astle%20Content%20and%20brand%20strategy.png
ff69050_Finn-Astle-Copywriting-Business.png,freelance-writing,ok,38553,https://cdn.prod.website-files.com/65fb97bf71a790050ff68f22/65fb97bf71a790050ff69050_Finn%20Astle%20Copywriting%20Business.png
ff6904f_Finn-Astle-Copywriting-CTA.png,freelance-writing,ok,18104,https://cdn.prod.website-files.com/65fb97bf71a790050ff68f22/65fb97bf71a790050ff6904f_Finn%20Astle%20Copywriting%20CTA.png
93a0020_Screen-Shot-2024-10-03-at-4.55.35-pm.jpg,freelance-writing,ok,476851,https://cdn.prod.website-files.com/65fb97bf71a790050ff68f22/66fe402a7bcf2cef893a0020_Screen%20Shot%202024-10-03%20at%204.55.35%20pm.jpg
2255cec_Screen-Shot-2024-10-03-at-4.59.45-pm.jpg,freelance-writing,ok,112367,https://cdn.prod.website-files.com/65fb97bf71a790050ff68f22/66fe410f277bc48e82255cec_Screen%20Shot%202024-10-03%20at%204.59.45%20pm.jpg
629c676_Untitled-24.png,freelance-writing,ok,209138,https://cdn.prod.website-files.com/65fb97bf71a790050ff68f22/67e5c368873fb40cb629c676_Untitled-24.png
782adf2_Untitled-25.png,freelance-writing,ok,126736,https://cdn.prod.website-files.com/65fb97bf71a790050ff68f22/67e5c368ec21db927782adf2_Untitled-25.png
a6e9f95_Untitled-22.png,freelance-writing,ok,65296,https://cdn.prod.website-files.com/65fb97bf71a790050ff68f22/67e5c3689faf144dca6e9f95_Untitled-22.png
ca3cf1f_Untitled-21.png,freelance-writing,ok,285030,https://cdn.prod.website-files.com/65fb97bf71a790050ff68f22/67e5c36829bd008a3ca3cf1f_Untitled-21.png
03d56f5_Untitled-21.png,freelance-writing,ok,198473,https://cdn.prod.website-files.com/65fb97bf71a790050ff68f22/67e5c3cfa20360c4a03d56f5_Untitled-21.png
03a92a1_Finn-Astle-Creative-G8-Education.png,g8-education,ok,427939,https://cdn.prod.website-files.com/65fb97bf71a790050ff68f22/67e3b8ab6b4c8408a03a92a1_Finn%20Astle%20Creative%20G8%20Education.png
bf14d91_Finn-Astle-Creative-G8-Education2.png,g8-education,ok,422096,https://cdn.prod.website-files.com/65fb97bf71a790050ff68f22/67e3b8ac17d745be6bf14d91_Finn%20Astle%20Creative%20G8%20Education2.png
88052b3_Finn-Astle-Creative-G8-Education5.png,g8-education,ok,451413,https://cdn.prod.website-files.com/65fb97bf71a790050ff68f22/67e3b8ae68a18bbb988052b3_Finn%20Astle%20Creative%20G8%20Education5.png
ed267e1_maxresdefault.jpg,agl-netflix,ok,103439,https://cdn.prod.website-files.com/65fb97bf71a790050ff68f22/66ff49ab8700b9245ed267e1_maxresdefault.jpg
c5296be_ASTLE-NETFLIX-PLAN-.png,agl-netflix,ok,1116705,https://cdn.prod.website-files.com/65fb97bf71a790050ff68f22/66ff42dc97ac0e537c5296be_ASTLE%20NETFLIX%20PLAN%20.png
d33d284_Finn-Astle-Creative-AGL4.png,agl-netflix,ok,460566,https://cdn.prod.website-files.com/65fb97bf71a790050ff68f22/67e3b8aafb2e3a8a3d33d284_Finn%20Astle%20Creative%20AGL4.png
c9e5b8e_Screen-Shot-2024-10-04-at-11.44.51-am.jpg,agl-netflix,ok,446096,https://cdn.prod.website-files.com/65fb97bf71a790050ff68f22/66ff49abdd07492f0c9e5b8e_Screen%20Shot%202024-10-04%20at%2011.44.51%20am.jpg
d6dea37_Finn-Astle-Creative-AGL3.png,agl-netflix,ok,369299,https://cdn.prod.website-files.com/65fb97bf71a790050ff68f22/67e3b8a95fa4b0b99d6dea37_Finn%20Astle%20Creative%20AGL3.png
d3385fe_Finn-Astle-Creative-AGL5.png,agl-netflix,ok,213519,https://cdn.prod.website-files.com/65fb97bf71a790050ff68f22/67e3b8aa98fe997efd3385fe_Finn%20Astle%20Creative%20AGL5.png
ae4fb80_Finn-Astle-Creative-AGL6.png,agl-netflix,ok,199982,https://cdn.prod.website-files.com/65fb97bf71a790050ff68f22/67e3b8aada30d4393ae4fb80_Finn%20Astle%20Creative%20AGL6.png
044694c_Screen-Shot-2025-03-24-at-3.31.54-pm.png,agl-netflix,ok,1198766,https://cdn.prod.website-files.com/65fb97bf71a790050ff68f22/67e0e09642b8a792e044694c_Screen%20Shot%202025-03-24%20at%203.31.54%20pm.png
cda9e48_Finn-Astle-Creative-AGL7.png,agl-brand,ok,285545,https://cdn.prod.website-files.com/65fb97bf71a790050ff68f22/67e3b8aa19a6b4fa2cda9e48_Finn%20Astle%20Creative%20AGL7.png
ae4fb6a_Finn-Astle-Creative-AGL2.png,agl-brand,ok,448046,https://cdn.prod.website-files.com/65fb97bf71a790050ff68f22/67e3b8aada30d4393ae4fb6a_Finn%20Astle%20Creative%20AGL2.png
fc781d6_Finn-Astle-Creative-AGL.png,agl-brand,ok,164540,https://cdn.prod.website-files.com/65fb97bf71a790050ff68f22/67e3b8a916164f290fc781d6_Finn%20Astle%20Creative%20AGL.png
c177dbc_AGL_-Join-the-change_-1.gif,agl-brand,ok,3322927,https://cdn.prod.website-files.com/65fb97bf71a790050ff68f22/66185ba943d5ef21ac177dbc_AGL_%20Join%20the%20change_%20(1).gif
